Workbook
Name Días: OFFSET(Reportes!$O$6,1,0,COUNTA(Reportes!$N$7:$N$107)-COUNTIF(Reportes!$N$7:$N$26,"")+1,1)
Name Etapa: OFFSET(Reportes!$N$6,1,0,COUNTA(Reportes!$N$7:$N$107)-COUNTIF(Reportes!$N$7:$N$26,"")+1,1)

Sheet Instrucciones de Uso
C3: Instrucciones de uso
C4: ¿Qué datos completar?
C5: En hoja "Información del proyecto" completar:
C6: 1.-En la celda D3 el nombre del proyecto
C7: 2.-En la celda D4 la fecha de inicio del proyecto
C8: 3.-En la celda D5 días planeados de trabajo: por ejemplo 50 días
C10: En la tabla de abajo completar
C11: 4.- Columna C "Descripción de la etapa": Por ejemplo reunión inicial o Recolección de datos.
C12: 5.- Columna D "Duración": Cantidad de días que durará esa etapa, por ejemplo 2 días.
C13: 6.- Columna E "Tarea dependiente": Determinar de que etapa depende la tarea.. Por ejemplo la etapa 3 depende de la 2.
C14: O bien la etapa 5 depende de la 3. La etapa 1 no depende de ninguna fase anterior y se expresa como No Aplica.
C15: 7.- Columna F "Tipo de Dependencia": Elegir si la dependencia es de tipo Comienzo-Comienzo (CC) que será en los casos que tienen
... C44: No borrar filas enteras porque pueden romper las fórmulas.

Sheet Información del proyecto
B3: PROYECTO | D3: STAFFLINK
B4: FECHA INICIO | D4: 45966
B5: DURACION(DIAS) | D5: 25
B6: FECHA FIN | D6: =IF(D4="","",D4+D5) -> 45991
B8: N° | C8: ETAPAS | D8: Duración X etapa (días) | E8: Tarea dependiente | F8: Tipo de Dependencia | G8: Días de dependencia | H8: Comienzo | I8: Fin | J8: Responsable | K8: Estatus | L8: Fecha de finalización | M8: Días que efectivamente llevó la etapa | O8: =D4 -> 45966 | P8: =O8+1 -> 45967 | Q8: =P8+1 -> 45968 | R8: =Q8+1 -> 45969 | S8: =R8+1 -> 45970 | T8: =S8+1 -> 45971 | U8: =T8+1 -> 45972 | V8: =U8+1 -> 45973 | W8: =V8+1 -> 45974 | ... DC8: =DB8+1 -> 46058 | DE8: Ganados | DF8: Perdidos
B9: =IF(C9="","",1) -> 1 | C9: 1.0 INICIACIÓN Y PLANIFICACIÓN DEL PROYECTO | D9: 2 | E9: No Aplica | F9: CC | G9: 0 | H9: =IF(OR(C9="",D9="",G9=""),"",D4+G9) -> 45966 | I9: =IF(H9="","",H9+D9-1) -> 45967 | J9: Daniel Sandoval | K9: No comenzado | M9: =IF(H9="","",IF(AND(K9="Completado",L9=""),"Completar fecha de finalización",IF(AND(K9="Completado",L9<>""),L9-H9+1,""))) | O9: =IF(AND(O$8>=$H9,O$8<=$I9),"x","") -> x | P9: =IF(AND(P$8>=$H9,P$8<=$I9),"x","") -> x | Q9: =IF(AND(Q$8>=$H9,Q$8<=$I9),"x","") | R9: =IF(AND(R$8>=$H9,R$8<=$I9),"x","") | S9: =IF(AND(S$8>=$H9,S$8<=$I9),"x","") | T9: =IF(AND(T$8>=$H9,T$8<=$I9),"x","") | U9: =IF(AND(U$8>=$H9,U$8<=$I9),"x","") | V9: =IF(AND(V$8>=$H9,V$8<=$I9),"x","") | ... DC9: =IF(AND(DC$8>=$H9,DC$8<=$I9),"x","") | DE9: =IF(K9="Completado",IF(M9<D9,D9-M9,0),0) -> 0 | DF9: =IFERROR(IF(K9="Completado",IF(M9>D9,M9-D9,0),0),0) -> 0
B10: =IF(C10="","",B9+1) -> 2 | C10: 1.1 Product Backlog inicial | D10: 1 | E10: 1 | F10: CC | G10: 0 | H10: =IF(OR(C10="",D10="",G10="",F10="",E10=""),"",IF(F10="FC",VLOOKUP(E10,$B$9:$M$61,8,FALSE)+G10,IF(F10="CC",VLOOKUP(E10,$B$9:$M$61,7,FALSE)+G10,""))) -> 45966 | I10: =IF(H10="","",H10+D10-1) -> 45966 | J10: Daniel Sandoval | K10: No comenzado | M10: =IF(H10="","",IF(AND(K10="Completado",L10=""),"Completar fecha de finalización",IF(AND(K10="Completado",L10<>""),L10-H10+1,""))) | O10: =IF(AND(O$8>=$H10,O$8<=$I10),"x","") -> x | P10: =IF(AND(P$8>=$H10,P$8<=$I10),"x","") | Q10: =IF(AND(Q$8>=$H10,Q$8<=$I10),"x","") | R10: =IF(AND(R$8>=$H10,R$8<=$I10),"x","") | S10: =IF(AND(S$8>=$H10,S$8<=$I10),"x","") | T10: =IF(AND(T$8>=$H10,T$8<=$I10),"x","") | U10: =IF(AND(U$8>=$H10,U$8<=$I10),"x","") | V10: =IF(AND(V$8>=$H10,V$8<=$I10),"x","") | ... DC10: =IF(AND(DC$8>=$H10,DC$8<=$I10),"x","") | DE10: =IF(K10="Completado",IF(M10<D10,D10-M10,0),0) -> 0 | DF10: =IFERROR(IF(K10="Completado",IF(M10>D10,M10-D10,0),0),0) -> 0
B11: =IF(C11="","",B10+1) -> 3 | C11: 1.2 Definición de roles Scrum | D11: 1 | E11: 2 | F11: FC | G11: 0 | H11: =IF(OR(C11="",D11="",G11="",F11="",E11=""),"",IF(F11="FC",VLOOKUP(E11,$B$9:$M$61,8,FALSE)+G11,IF(F11="CC",VLOOKUP(E11,$B$9:$M$61,7,FALSE)+G11,""))) -> 45966 | I11: =IF(H11="","",H11+D11-1) -> 45966 | J11: Daniel Sandoval | K11: No comenzado | M11: =IF(H11="","",IF(AND(K11="Completado",L11=""),"Completar fecha de finalización",IF(AND(K11="Completado",L11<>""),L11-H11+1,""))) | O11: =IF(AND(O$8>=$H11,O$8<=$I11),"x","") -> x | P11: =IF(AND(P$8>=$H11,P$8<=$I11),"x","") | Q11: =IF(AND(Q$8>=$H11,Q$8<=$I11),"x","") | R11: =IF(AND(R$8>=$H11,R$8<=$I11),"x","") | S11: =IF(AND(S$8>=$H11,S$8<=$I11),"x","") | T11: =IF(AND(T$8>=$H11,T$8<=$I11),"x","") | U11: =IF(AND(U$8>=$H11,U$8<=$I11),"x","") | V11: =IF(AND(V$8>=$H11,V$8<=$I11),"x","") | ... DC11: =IF(AND(DC$8>=$H11,DC$8<=$I11),"x","") | DE11: =IF(K11="Completado",IF(M11<D11,D11-M11,0),0) -> 0 | DF11: =IFERROR(IF(K11="Completado",IF(M11>D11,M11-D11,0),0),0) -> 0
B12: =IF(C12="","",B11+1) -> 4 | C12: 1.3 Arquitectura preliminar | D12: 1 | E12: 3 | F12: FC | G12: 0 | H12: =IF(OR(C12="",D12="",G12="",F12="",E12=""),"",IF(F12="FC",VLOOKUP(E12,$B$9:$M$61,8,FALSE)+G12,IF(F12="CC",VLOOKUP(E12,$B$9:$M$61,7,FALSE)+G12,""))) -> 45966 | I12: =IF(H12="","",H12+D12-1) -> 45966 | J12: Daniel Sandoval | K12: No comenzado | M12: =IF(H12="","",IF(AND(K12="Completado",L12=""),"Completar fecha de finalización",IF(AND(K12="Completado",L12<>""),L12-H12+1,""))) | O12: =IF(AND(O$8>=$H12,O$8<=$I12),"x","") -> x | P12: =IF(AND(P$8>=$H12,P$8<=$I12),"x","") | Q12: =IF(AND(Q$8>=$H12,Q$8<=$I12),"x","") | R12: =IF(AND(R$8>=$H12,R$8<=$I12),"x","") | S12: =IF(AND(S$8>=$H12,S$8<=$I12),"x","") | T12: =IF(AND(T$8>=$H12,T$8<=$I12),"x","") | U12: =IF(AND(U$8>=$H12,U$8<=$I12),"x","") | V12: =IF(AND(V$8>=$H12,V$8<=$I12),"x","") | ... DC12: =IF(AND(DC$8>=$H12,DC$8<=$I12),"x","") | DE12: =IF(K12="Completado",IF(M12<D12,D12-M12,0),0) -> 0 | DF12: =IFERROR(IF(K12="Completado",IF(M12>D12,M12-D12,0),0),0) -> 0
B13: =IF(C13="","",B12+1) -> 5 | C13: 2.0 ANÁLISIS DE NEGOCIO Y REQUIREMENTS | D13: 2 | E13: 1 | F13: FC | G13: 1 | H13: =IF(OR(C13="",D13="",G13="",F13="",E13=""),"",IF(F13="FC",VLOOKUP(E13,$B$9:$M$61,8,FALSE)+G13,IF(F13="CC",VLOOKUP(E13,$B$9:$M$61,7,FALSE)+G13,""))) -> 45968 | I13: =IF(H13="","",H13+D13-1) -> 45969 | J13: Daniel Sandoval | K13: No comenzado | M13: =IF(H13="","",IF(AND(K13="Completado",L13=""),"Completar fecha de finalización",IF(AND(K13="Completado",L13<>""),L13-H13+1,""))) | O13: =IF(AND(O$8>=$H13,O$8<=$I13),"x","") | P13: =IF(AND(P$8>=$H13,P$8<=$I13),"x","") | Q13: =IF(AND(Q$8>=$H13,Q$8<=$I13),"x","") -> x | R13: =IF(AND(R$8>=$H13,R$8<=$I13),"x","") -> x | S13: =IF(AND(S$8>=$H13,S$8<=$I13),"x","") | T13: =IF(AND(T$8>=$H13,T$8<=$I13),"x","") | U13: =IF(AND(U$8>=$H13,U$8<=$I13),"x","") | V13: =IF(AND(V$8>=$H13,V$8<=$I13),"x","") | ... DC13: =IF(AND(DC$8>=$H13,DC$8<=$I13),"x","") | DE13: =IF(K13="Completado",IF(M13<D13,D13-M13,0),0) -> 0 | DF13: =IFERROR(IF(K13="Completado",IF(M13>D13,M13-D13,0),0),0) -> 0
B14: =IF(C14="","",B13+1) -> 6 | C14: 2.1 Refinamiento de User Stories | D14: 1 | E14: 5 | F14: CC | G14: 0 | H14: =IF(OR(C14="",D14="",G14="",F14="",E14=""),"",IF(F14="FC",VLOOKUP(E14,$B$9:$M$61,8,FALSE)+G14,IF(F14="CC",VLOOKUP(E14,$B$9:$M$61,7,FALSE)+G14,""))) -> 45968 | I14: =IF(H14="","",H14+D14-1) -> 45968 | J14: Daniel Sandoval | K14: No comenzado | M14: =IF(H14="","",IF(AND(K14="Completado",L14=""),"Completar fecha de finalización",IF(AND(K14="Completado",L14<>""),L14-H14+1,""))) | O14: =IF(AND(O$8>=$H14,O$8<=$I14),"x","") | P14: =IF(AND(P$8>=$H14,P$8<=$I14),"x","") | Q14: =IF(AND(Q$8>=$H14,Q$8<=$I14),"x","") -> x | R14: =IF(AND(R$8>=$H14,R$8<=$I14),"x","") | S14: =IF(AND(S$8>=$H14,S$8<=$I14),"x","") | T14: =IF(AND(T$8>=$H14,T$8<=$I14),"x","") | U14: =IF(AND(U$8>=$H14,U$8<=$I14),"x","") | V14: =IF(AND(V$8>=$H14,V$8<=$I14),"x","") | ... DC14: =IF(AND(DC$8>=$H14,DC$8<=$I14),"x","") | DE14: =IF(K14="Completado",IF(M14<D14,D14-M14,0),0) -> 0 | DF14: =IFERROR(IF(K14="Completado",IF(M14>D14,M14-D14,0),0),0) -> 0
B15: =IF(C15="","",B14+1) -> 7 | C15: 2.2 Definición de criterios de aceptación | D15: 1 | E15: 6 | F15: FC | G15: 0 | H15: =IF(OR(C15="",D15="",G15="",F15="",E15=""),"",IF(F15="FC",VLOOKUP(E15,$B$9:$M$61,8,FALSE)+G15,IF(F15="CC",VLOOKUP(E15,$B$9:$M$61,7,FALSE)+G15,""))) -> 45968 | I15: =IF(H15="","",H15+D15-1) -> 45968 | J15: Daniel Sandoval | K15: No comenzado | M15: =IF(H15="","",IF(AND(K15="Completado",L15=""),"Completar fecha de finalización",IF(AND(K15="Completado",L15<>""),L15-H15+1,""))) | O15: =IF(AND(O$8>=$H15,O$8<=$I15),"x","") | P15: =IF(AND(P$8>=$H15,P$8<=$I15),"x","") | Q15: =IF(AND(Q$8>=$H15,Q$8<=$I15),"x","") -> x | R15: =IF(AND(R$8>=$H15,R$8<=$I15),"x","") | S15: =IF(AND(S$8>=$H15,S$8<=$I15),"x","") | T15: =IF(AND(T$8>=$H15,T$8<=$I15),"x","") | U15: =IF(AND(U$8>=$H15,U$8<=$I15),"x","") | V15: =IF(AND(V$8>=$H15,V$8<=$I15),"x","") | ... DC15: =IF(AND(DC$8>=$H15,DC$8<=$I15),"x","") | DE15: =IF(K15="Completado",IF(M15<D15,D15-M15,0),0) -> 0 | DF15: =IFERROR(IF(K15="Completado",IF(M15>D15,M15-D15,0),0),0) -> 0
B16: 8 | C16: 2.3 Análisis de integración con Smart Boleta | D16: 1 | E16: 7 | F16: FC | G16: 1 | H16: =IF(OR(C16="",D16="",G16="",F16="",E16=""),"",IF(F16="FC",VLOOKUP(E16,$B$9:$M$61,8,FALSE)+G16,IF(F16="CC",VLOOKUP(E16,$B$9:$M$61,7,FALSE)+G16,""))) -> 45969 | I16: =IF(H16="","",H16+D16-1) -> 45969 | J16: Daniel Sandoval | K16: No comenzado | M16: =IF(H16="","",IF(AND(K16="Completado",L16=""),"Completar fecha de finalización",IF(AND(K16="Completado",L16<>""),L16-H16+1,""))) | O16: =IF(AND(O$8>=$H16,O$8<=$I16),"x","") | P16: =IF(AND(P$8>=$H16,P$8<=$I16),"x","") | Q16: =IF(AND(Q$8>=$H16,Q$8<=$I16),"x","") | R16: =IF(AND(R$8>=$H16,R$8<=$I16),"x","") -> x | S16: =IF(AND(S$8>=$H16,S$8<=$I16),"x","") | T16: =IF(AND(T$8>=$H16,T$8<=$I16),"x","") | U16: =IF(AND(U$8>=$H16,U$8<=$I16),"x","") | V16: =IF(AND(V$8>=$H16,V$8<=$I16),"x","") | ... DC16: =IF(AND(DC$8>=$H16,DC$8<=$I16),"x","") | DE16: =IF(K16="Completado",IF(M16<D16,D16-M16,0),0) -> 0 | DF16: =IFERROR(IF(K16="Completado",IF(M16>D16,M16-D16,0),0),0) -> 0
B17: 9 | C17: 2.4 Mapeo de flujo de datos | D17: 1 | E17: 8 | F17: FC | G17: 0 | H17: =IF(OR(C17="",D17="",G17="",F17="",E17=""),"",IF(F17="FC",VLOOKUP(E17,$B$9:$M$61,8,FALSE)+G17,IF(F17="CC",VLOOKUP(E17,$B$9:$M$61,7,FALSE)+G17,""))) -> 45969 | I17: =IF(H17="","",H17+D17-1) -> 45969 | J17: Daniel Sandoval | K17: No comenzado | M17: =IF(H17="","",IF(AND(K17="Completado",L17=""),"Completar fecha de finalización",IF(AND(K17="Completado",L17<>""),L17-H17+1,""))) | O17: =IF(AND(O$8>=$H17,O$8<=$I17),"x","") | P17: =IF(AND(P$8>=$H17,P$8<=$I17),"x","") | Q17: =IF(AND(Q$8>=$H17,Q$8<=$I17),"x","") | R17: =IF(AND(R$8>=$H17,R$8<=$I17),"x","") -> x | S17: =IF(AND(S$8>=$H17,S$8<=$I17),"x","") | T17: =IF(AND(T$8>=$H17,T$8<=$I17),"x","") | U17: =IF(AND(U$8>=$H17,U$8<=$I17),"x","") | V17: =IF(AND(V$8>=$H17,V$8<=$I17),"x","") | ... DC17: =IF(AND(DC$8>=$H17,DC$8<=$I17),"x","") | DE17: =IF(K17="Completado",IF(M17<D17,D17-M17,0),0) -> 0 | DF17: =IFERROR(IF(K17="Completado",IF(M17>D17,M17-D17,0),0),0) -> 0
B18: 10 | C18: 3.0 ARQUITECTURA Y DISEÑO DEL SISTEMA | D18: 2 | E18: 5 | F18: FC | G18: 1 | H18: =IF(OR(C18="",D18="",G18="",F18="",E18=""),"",IF(F18="FC",VLOOKUP(E18,$B$9:$M$61,8,FALSE)+G18,IF(F18="CC",VLOOKUP(E18,$B$9:$M$61,7,FALSE)+G18,""))) -> 45970 | I18: =IF(H18="","",H18+D18-1) -> 45971 | J18: Daniel Sandoval | K18: No comenzado | M18: =IF(H18="","",IF(AND(K18="Completado",L18=""),"Completar fecha de finalización",IF(AND(K18="Completado",L18<>""),L18-H18+1,""))) | O18: =IF(AND(O$8>=$H18,O$8<=$I18),"x","") | P18: =IF(AND(P$8>=$H18,P$8<=$I18),"x","") | Q18: =IF(AND(Q$8>=$H18,Q$8<=$I18),"x","") | R18: =IF(AND(R$8>=$H18,R$8<=$I18),"x","") | S18: =IF(AND(S$8>=$H18,S$8<=$I18),"x","") -> x | T18: =IF(AND(T$8>=$H18,T$8<=$I18),"x","") -> x | U18: =IF(AND(U$8>=$H18,U$8<=$I18),"x","") | V18: =IF(AND(V$8>=$H18,V$8<=$I18),"x","") | ... DC18: =IF(AND(DC$8>=$H18,DC$8<=$I18),"x","") | DE18: =IF(K18="Completado",IF(M18<D18,D18-M18,0),0) -> 0 | DF18: =IFERROR(IF(K18="Completado",IF(M18>D18,M18-D18,0),0),0) -> 0
B19: =IF(C19="","",B18+1) -> 11 | C19: 3.1 Diseño de base de datos | D19: 1 | E19: 10 | F19: CC | G19: 0 | H19: =IF(OR(C19="",D19="",G19="",F19="",E19=""),"",IF(F19="FC",VLOOKUP(E19,$B$9:$M$61,8,FALSE)+G19,IF(F19="CC",VLOOKUP(E19,$B$9:$M$61,7,FALSE)+G19,""))) -> 45970 | I19: =IF(H19="","",H19+D19-1) -> 45970 | J19: Daniel Sandoval | K19: No comenzado | M19: =IF(H19="","",IF(AND(K19="Completado",L19=""),"Completar fecha de finalización",IF(AND(K19="Completado",L19<>""),L19-H19+1,""))) | O19: =IF(AND(O$8>=$H19,O$8<=$I19),"x","") | P19: =IF(AND(P$8>=$H19,P$8<=$I19),"x","") | Q19: =IF(AND(Q$8>=$H19,Q$8<=$I19),"x","") | R19: =IF(AND(R$8>=$H19,R$8<=$I19),"x","") | S19: =IF(AND(S$8>=$H19,S$8<=$I19),"x","") -> x | T19: =IF(AND(T$8>=$H19,T$8<=$I19),"x","") | U19: =IF(AND(U$8>=$H19,U$8<=$I19),"x","") | V19: =IF(AND(V$8>=$H19,V$8<=$I19),"x","") | ... DC19: =IF(AND(DC$8>=$H19,DC$8<=$I19),"x","") | DE19: =IF(K19="Completado",IF(M19<D19,D19-M19,0),0) -> 0 | DF19: =IFERROR(IF(K19="Completado",IF(M19>D19,M19-D19,0),0),0) -> 0
B20: =IF(C20="","",B19+1) -> 12 | C20: 3.2 Arquitectura de monolito modular | D20: 1 | E20: 11 | F20: FC | G20: 0 | H20: =IF(OR(C20="",D20="",G20="",F20="",E20=""),"",IF(F20="FC",VLOOKUP(E20,$B$9:$M$61,8,FALSE)+G20,IF(F20="CC",VLOOKUP(E20,$B$9:$M$61,7,FALSE)+G20,""))) -> 45970 | I20: =IF(H20="","",H20+D20-1) -> 45970 | J20: Daniel Sandoval | K20: No comenzado | M20: =IF(H20="","",IF(AND(K20="Completado",L20=""),"Completar fecha de finalización",IF(AND(K20="Completado",L20<>""),L20-H20+1,""))) | O20: =IF(AND(O$8>=$H20,O$8<=$I20),"x","") | P20: =IF(AND(P$8>=$H20,P$8<=$I20),"x","") | Q20: =IF(AND(Q$8>=$H20,Q$8<=$I20),"x","") | R20: =IF(AND(R$8>=$H20,R$8<=$I20),"x","") | S20: =IF(AND(S$8>=$H20,S$8<=$I20),"x","") -> x | T20: =IF(AND(T$8>=$H20,T$8<=$I20),"x","") | U20: =IF(AND(U$8>=$H20,U$8<=$I20),"x","") | V20: =IF(AND(V$8>=$H20,V$8<=$I20),"x","") | ... DC20: =IF(AND(DC$8>=$H20,DC$8<=$I20),"x","") | DE20: =IF(K20="Completado",IF(M20<D20,D20-M20,0),0) -> 0 | DF20: =IFERROR(IF(K20="Completado",IF(M20>D20,M20-D20,0),0),0) -> 0
B21: =IF(C21="","",B20+1) -> 13 | C21: 3.3 Definición de APIs | D21: 1 | E21: 12 | F21: FC | G21: 1 | H21: =IF(OR(C21="",D21="",G21="",F21="",E21=""),"",IF(F21="FC",VLOOKUP(E21,$B$9:$M$61,8,FALSE)+G21,IF(F21="CC",VLOOKUP(E21,$B$9:$M$61,7,FALSE)+G21,""))) -> 45971 | I21: =IF(H21="","",H21+D21-1) -> 45971 | J21: Daniel Sandoval | K21: No comenzado | M21: =IF(H21="","",IF(AND(K21="Completado",L21=""),"Completar fecha de finalización",IF(AND(K21="Completado",L21<>""),L21-H21+1,""))) | O21: =IF(AND(O$8>=$H21,O$8<=$I21),"x","") | P21: =IF(AND(P$8>=$H21,P$8<=$I21),"x","") | Q21: =IF(AND(Q$8>=$H21,Q$8<=$I21),"x","") | R21: =IF(AND(R$8>=$H21,R$8<=$I21),"x","") | S21: =IF(AND(S$8>=$H21,S$8<=$I21),"x","") | T21: =IF(AND(T$8>=$H21,T$8<=$I21),"x","") -> x | U21: =IF(AND(U$8>=$H21,U$8<=$I21),"x","") | V21: =IF(AND(V$8>=$H21,V$8<=$I21),"x","") | ... DC21: =IF(AND(DC$8>=$H21,DC$8<=$I21),"x","") | DE21: =IF(K21="Completado",IF(M21<D21,D21-M21,0),0) -> 0 | DF21: =IFERROR(IF(K21="Completado",IF(M21>D21,M21-D21,0),0),0) -> 0
B22: =IF(C22="","",B21+1) -> 14 | C22: 3.4 Diagrama C4 | D22: 1 | E22: 13 | F22: FC | G22: 0 | H22: =IF(OR(C22="",D22="",G22="",F22="",E22=""),"",IF(F22="FC",VLOOKUP(E22,$B$9:$M$61,8,FALSE)+G22,IF(F22="CC",VLOOKUP(E22,$B$9:$M$61,7,FALSE)+G22,""))) -> 45971 | I22: =IF(H22="","",H22+D22-1) -> 45971 | J22: Daniel Sandoval | K22: No comenzado | M22: =IF(H22="","",IF(AND(K22="Completado",L22=""),"Completar fecha de finalización",IF(AND(K22="Completado",L22<>""),L22-H22+1,""))) | O22: =IF(AND(O$8>=$H22,O$8<=$I22),"x","") | P22: =IF(AND(P$8>=$H22,P$8<=$I22),"x","") | Q22: =IF(AND(Q$8>=$H22,Q$8<=$I22),"x","") | R22: =IF(AND(R$8>=$H22,R$8<=$I22),"x","") | S22: =IF(AND(S$8>=$H22,S$8<=$I22),"x","") | T22: =IF(AND(T$8>=$H22,T$8<=$I22),"x","") -> x | U22: =IF(AND(U$8>=$H22,U$8<=$I22),"x","") | V22: =IF(AND(V$8>=$H22,V$8<=$I22),"x","") | ... DC22: =IF(AND(DC$8>=$H22,DC$8<=$I22),"x","") | DE22: =IF(K22="Completado",IF(M22<D22,D22-M22,0),0) -> 0 | DF22: =IFERROR(IF(K22="Completado",IF(M22>D22,M22-D22,0),0),0) -> 0
B23: =IF(C23="","",B22+1) -> 15 | C23: 4.0 DESARROLLO - CORE BACKEND | D23: 4 | E23: 10 | F23: FC | G23: 1 | H23: =IF(OR(C23="",D23="",G23="",F23="",E23=""),"",IF(F23="FC",VLOOKUP(E23,$B$9:$M$61,8,FALSE)+G23,IF(F23="CC",VLOOKUP(E23,$B$9:$M$61,7,FALSE)+G23,""))) -> 45972 | I23: =IF(H23="","",H23+D23-1) -> 45975 | J23: Daniel Sandoval | K23: No comenzado | M23: =IF(H23="","",IF(AND(K23="Completado",L23=""),"Completar fecha de finalización",IF(AND(K23="Completado",L23<>""),L23-H23+1,""))) | O23: =IF(AND(O$8>=$H23,O$8<=$I23),"x","") | P23: =IF(AND(P$8>=$H23,P$8<=$I23),"x","") | Q23: =IF(AND(Q$8>=$H23,Q$8<=$I23),"x","") | R23: =IF(AND(R$8>=$H23,R$8<=$I23),"x","") | S23: =IF(AND(S$8>=$H23,S$8<=$I23),"x","") | T23: =IF(AND(T$8>=$H23,T$8<=$I23),"x","") | U23: =IF(AND(U$8>=$H23,U$8<=$I23),"x","") -> x | V23: =IF(AND(V$8>=$H23,V$8<=$I23),"x","") -> x | ... DC23: =IF(AND(DC$8>=$H23,DC$8<=$I23),"x","") | DE23: =IF(K23="Completado",IF(M23<D23,D23-M23,0),0) -> 0 | DF23: =IFERROR(IF(K23="Completado",IF(M23>D23,M23-D23,0),0),0) -> 0
B24: =IF(C24="","",B23+1) -> 16 | C24: 4.1 Desarrollo de Modelo de Datos | D24: 1 | E24: 15 | F24: CC | G24: 0 | H24: =IF(OR(C24="",D24="",G24="",F24="",E24=""),"",IF(F24="FC",VLOOKUP(E24,$B$9:$M$61,8,FALSE)+G24,IF(F24="CC",VLOOKUP(E24,$B$9:$M$61,7,FALSE)+G24,""))) -> 45972 | I24: =IF(H24="","",H24+D24-1) -> 45972 | J24: Daniel Sandoval | K24: No comenzado | M24: =IF(H24="","",IF(AND(K24="Completado",L24=""),"Completar fecha de finalización",IF(AND(K24="Completado",L24<>""),L24-H24+1,""))) | O24: =IF(AND(O$8>=$H24,O$8<=$I24),"x","") | P24: =IF(AND(P$8>=$H24,P$8<=$I24),"x","") | Q24: =IF(AND(Q$8>=$H24,Q$8<=$I24),"x","") | R24: =IF(AND(R$8>=$H24,R$8<=$I24),"x","") | S24: =IF(AND(S$8>=$H24,S$8<=$I24),"x","") | T24: =IF(AND(T$8>=$H24,T$8<=$I24),"x","") | U24: =IF(AND(U$8>=$H24,U$8<=$I24),"x","") -> x | V24: =IF(AND(V$8>=$H24,V$8<=$I24),"x","") | ... DC24: =IF(AND(DC$8>=$H24,DC$8<=$I24),"x","") | DE24: =IF(K24="Completado",IF(M24<D24,D24-M24,0),0) -> 0 | DF24: =IFERROR(IF(K24="Completado",IF(M24>D24,M24-D24,0),0),0) -> 0
B25: =IF(C25="","",B24+1) -> 17 | C25: 4.2 Módulo de Autenticación | D25: 1 | E25: 16 | F25: FC | G25: 0 | H25: =IF(OR(C25="",D25="",G25="",F25="",E25=""),"",IF(F25="FC",VLOOKUP(E25,$B$9:$M$61,8,FALSE)+G25,IF(F25="CC",VLOOKUP(E25,$B$9:$M$61,7,FALSE)+G25,""))) -> 45972 | I25: =IF(H25="","",H25+D25-1) -> 45972 | J25: Daniel Sandoval | K25: No comenzado | M25: =IF(H25="","",IF(AND(K25="Completado",L25=""),"Completar fecha de finalización",IF(AND(K25="Completado",L25<>""),L25-H25+1,""))) | O25: =IF(AND(O$8>=$H25,O$8<=$I25),"x","") | P25: =IF(AND(P$8>=$H25,P$8<=$I25),"x","") | Q25: =IF(AND(Q$8>=$H25,Q$8<=$I25),"x","") | R25: =IF(AND(R$8>=$H25,R$8<=$I25),"x","") | S25: =IF(AND(S$8>=$H25,S$8<=$I25),"x","") | T25: =IF(AND(T$8>=$H25,T$8<=$I25),"x","") | U25: =IF(AND(U$8>=$H25,U$8<=$I25),"x","") -> x | V25: =IF(AND(V$8>=$H25,V$8<=$I25),"x","") | ... DC25: =IF(AND(DC$8>=$H25,DC$8<=$I25),"x","") | DE25: =IF(K25="Completado",IF(M25<D25,D25-M25,0),0) -> 0 | DF25: =IFERROR(IF(K25="Completado",IF(M25>D25,M25-D25,0),0),0) -> 0
B26: =IF(C26="","",B25+1) -> 18 | C26: 4.3 Módulo de generacion de link | D26: 1 | E26: 17 | F26: FC | G26: 1 | H26: =IF(OR(C26="",D26="",G26="",F26="",E26=""),"",IF(F26="FC",VLOOKUP(E26,$B$9:$M$61,8,FALSE)+G26,IF(F26="CC",VLOOKUP(E26,$B$9:$M$61,7,FALSE)+G26,""))) -> 45973 | I26: =IF(H26="","",H26+D26-1) -> 45973 | J26: Daniel Sandoval | K26: No comenzado | M26: =IF(H26="","",IF(AND(K26="Completado",L26=""),"Completar fecha de finalización",IF(AND(K26="Completado",L26<>""),L26-H26+1,""))) | O26: =IF(AND(O$8>=$H26,O$8<=$I26),"x","") | P26: =IF(AND(P$8>=$H26,P$8<=$I26),"x","") | Q26: =IF(AND(Q$8>=$H26,Q$8<=$I26),"x","") | R26: =IF(AND(R$8>=$H26,R$8<=$I26),"x","") | S26: =IF(AND(S$8>=$H26,S$8<=$I26),"x","") | T26: =IF(AND(T$8>=$H26,T$8<=$I26),"x","") | U26: =IF(AND(U$8>=$H26,U$8<=$I26),"x","") | V26: =IF(AND(V$8>=$H26,V$8<=$I26),"x","") -> x | ... DC26: =IF(AND(DC$8>=$H26,DC$8<=$I26),"x","") | DE26: =IF(K26="Completado",IF(M26<D26,D26-M26,0),0) -> 0 | DF26: =IFERROR(IF(K26="Completado",IF(M26>D26,M26-D26,0),0),0) -> 0
B27: =IF(C27="","",B26+1) -> 19 | C27: 4.4 Modulo de captura de datos del postulante | D27: 1 | E27: 18 | F27: FC | G27: 0 | H27: =IF(OR(C27="",D27="",G27="",F27="",E27=""),"",IF(F27="FC",VLOOKUP(E27,$B$9:$M$61,8,FALSE)+G27,IF(F27="CC",VLOOKUP(E27,$B$9:$M$61,7,FALSE)+G27,""))) -> 45973 | I27: =IF(H27="","",H27+D27-1) -> 45973 | J27: Daniel Sandoval | K27: No comenzado | M27: =IF(H27="","",IF(AND(K27="Completado",L27=""),"Completar fecha de finalización",IF(AND(K27="Completado",L27<>""),L27-H27+1,""))) | O27: =IF(AND(O$8>=$H27,O$8<=$I27),"x","") | P27: =IF(AND(P$8>=$H27,P$8<=$I27),"x","") | Q27: =IF(AND(Q$8>=$H27,Q$8<=$I27),"x","") | R27: =IF(AND(R$8>=$H27,R$8<=$I27),"x","") | S27: =IF(AND(S$8>=$H27,S$8<=$I27),"x","") | T27: =IF(AND(T$8>=$H27,T$8<=$I27),"x","") | U27: =IF(AND(U$8>=$H27,U$8<=$I27),"x","") | V27: =IF(AND(V$8>=$H27,V$8<=$I27),"x","") -> x | ... DC27: =IF(AND(DC$8>=$H27,DC$8<=$I27),"x","") | DE27: =IF(K27="Completado",IF(M27<D27,D27-M27,0),0) -> 0 | DF27: =IFERROR(IF(K27="Completado",IF(M27>D27,M27-D27,0),0),0) -> 0
B28: =IF(C28="","",B27+1) -> 20 | C28: 4.4.1 Verificacion de datos según condiciones | D28: 1 | E28: 19 | F28: FC | G28: 1 | H28: =IF(OR(C28="",D28="",G28="",F28="",E28=""),"",IF(F28="FC",VLOOKUP(E28,$B$9:$M$61,8,FALSE)+G28,IF(F28="CC",VLOOKUP(E28,$B$9:$M$61,7,FALSE)+G28,""))) -> 45974 | I28: =IF(H28="","",H28+D28-1) -> 45974 | J28: Daniel Sandoval | K28: No comenzado | M28: =IF(H28="","",IF(AND(K28="Completado",L28=""),"Completar fecha de finalización",IF(AND(K28="Completado",L28<>""),L28-H28+1,""))) | O28: =IF(AND(O$8>=$H28,O$8<=$I28),"x","") | P28: =IF(AND(P$8>=$H28,P$8<=$I28),"x","") | Q28: =IF(AND(Q$8>=$H28,Q$8<=$I28),"x","") | R28: =IF(AND(R$8>=$H28,R$8<=$I28),"x","") | S28: =IF(AND(S$8>=$H28,S$8<=$I28),"x","") | T28: =IF(AND(T$8>=$H28,T$8<=$I28),"x","") | U28: =IF(AND(U$8>=$H28,U$8<=$I28),"x","") | V28: =IF(AND(V$8>=$H28,V$8<=$I28),"x","") | ... DC28: =IF(AND(DC$8>=$H28,DC$8<=$I28),"x","") | DE28: =IF(K28="Completado",IF(M28<D28,D28-M28,0),0) -> 0 | DF28: =IFERROR(IF(K28="Completado",IF(M28>D28,M28-D28,0),0),0) -> 0
B29: =IF(C29="","",B28+1) -> 21 | C29: 4.5 Exportado de datos para Smart Boleta | D29: 1 | E29: 20 | F29: FC | G29: 0 | H29: =IF(OR(C29="",D29="",G29="",F29="",E29=""),"",IF(F29="FC",VLOOKUP(E29,$B$9:$M$61,8,FALSE)+G29,IF(F29="CC",VLOOKUP(E29,$B$9:$M$61,7,FALSE)+G29,""))) -> 45974 | I29: =IF(H29="","",H29+D29-1) -> 45974 | J29: Daniel Sandoval | K29: No comenzado | M29: =IF(H29="","",IF(AND(K29="Completado",L29=""),"Completar fecha de finalización",IF(AND(K29="Completado",L29<>""),L29-H29+1,""))) | O29: =IF(AND(O$8>=$H29,O$8<=$I29),"x","") | P29: =IF(AND(P$8>=$H29,P$8<=$I29),"x","") | Q29: =IF(AND(Q$8>=$H29,Q$8<=$I29),"x","") | R29: =IF(AND(R$8>=$H29,R$8<=$I29),"x","") | S29: =IF(AND(S$8>=$H29,S$8<=$I29),"x","") | T29: =IF(AND(T$8>=$H29,T$8<=$I29),"x","") | U29: =IF(AND(U$8>=$H29,U$8<=$I29),"x","") | V29: =IF(AND(V$8>=$H29,V$8<=$I29),"x","") | ... DC29: =IF(AND(DC$8>=$H29,DC$8<=$I29),"x","") | DE29: =IF(K29="Completado",IF(M29<D29,D29-M29,0),0) -> 0 | DF29: =IFERROR(IF(K29="Completado",IF(M29>D29,M29-D29,0),0),0) -> 0
B30: =IF(C30="","",B29+1) -> 22 | C30: 4.6 Validaciones Adicionales | D30: 1 | E30: 21 | F30: FC | G30: 1 | H30: =IF(OR(C30="",D30="",G30="",F30="",E30=""),"",IF(F30="FC",VLOOKUP(E30,$B$9:$M$61,8,FALSE)+G30,IF(F30="CC",VLOOKUP(E30,$B$9:$M$61,7,FALSE)+G30,""))) -> 45975 | I30: =IF(H30="","",H30+D30-1) -> 45975 | J30: Daniel Sandoval | K30: No comenzado | M30: =IF(H30="","",IF(AND(K30="Completado",L30=""),"Completar fecha de finalización",IF(AND(K30="Completado",L30<>""),L30-H30+1,""))) | O30: =IF(AND(O$8>=$H30,O$8<=$I30),"x","") | P30: =IF(AND(P$8>=$H30,P$8<=$I30),"x","") | Q30: =IF(AND(Q$8>=$H30,Q$8<=$I30),"x","") | R30: =IF(AND(R$8>=$H30,R$8<=$I30),"x","") | S30: =IF(AND(S$8>=$H30,S$8<=$I30),"x","") | T30: =IF(AND(T$8>=$H30,T$8<=$I30),"x","") | U30: =IF(AND(U$8>=$H30,U$8<=$I30),"x","") | V30: =IF(AND(V$8>=$H30,V$8<=$I30),"x","") | ... DC30: =IF(AND(DC$8>=$H30,DC$8<=$I30),"x","") | DE30: =IF(K30="Completado",IF(M30<D30,D30-M30,0),0) -> 0 | DF30: =IFERROR(IF(K30="Completado",IF(M30>D30,M30-D30,0),0),0) -> 0
... B61: =IF(C61="","",B60+1) -> 53 | C61: 10.2 Documentación Final | D61: 2 | E61: 52 | F61: FC | G61: 0 | H61: =IF(OR(C61="",D61="",G61="",F61="",E61=""),"",IF(F61="FC",VLOOKUP(E61,$B$9:$M$61,8,FALSE)+G61,IF(F61="CC",VLOOKUP(E61,$B$9:$M$61,7,FALSE)+G61,""))) -> 45991 | I61: =IF(H61="","",H61+D61-1) -> 45992 | J61: Daniel Sandoval | K61: No comenzado | M61: =IF(H61="","",IF(AND(K61="Completado",L61=""),"Completar fecha de finalización",IF(AND(K61="Completado",L61<>""),L61-H61+1,""))) | O61: =IF(AND(O$8>=$H61,O$8<=$I61),"x","") | P61: =IF(AND(P$8>=$H61,P$8<=$I61),"x","") | Q61: =IF(AND(Q$8>=$H61,Q$8<=$I61),"x","") | R61: =IF(AND(R$8>=$H61,R$8<=$I61),"x","") | S61: =IF(AND(S$8>=$H61,S$8<=$I61),"x","") | T61: =IF(AND(T$8>=$H61,T$8<=$I61),"x","") | U61: =IF(AND(U$8>=$H61,U$8<=$I61),"x","") | V61: =IF(AND(V$8>=$H61,V$8<=$I61),"x","") | ... DC61: =IF(AND(DC$8>=$H61,DC$8<=$I61),"x","") | DE61: =IF(K61="Completado",IF(M61<D61,D61-M61,0),0) -> 0 | DF61: =IFERROR(IF(K61="Completado",IF(M61>D61,M61-D61,0),0),0) -> 0

Sheet Reportes
B3: Fecha de reporte | C3: =TODAY() -> 45971
B4: Días planeados | C4: =IF('Información del proyecto'!D5="","",'Información del proyecto'!D5) -> 25
B5: Días transcurridos | C5: =IF('Información del proyecto'!D4="","",C3-'Información del proyecto'!D4) -> 5
B6: Días faltantes | C6: =IF('Información del proyecto'!D4="","",C4-C5) -> 20 | N6: Etapa | O6: Días | Q6: Completado | R6: =IF(COUNTA('Información del proyecto'!$K$9:$K$61)=0,NA(),COUNTIF('Información del proyecto'!$K$9:$K$61,Reportes!Q6)/COUNTA('Información del proyecto'!$K$9:$K$61)) -> 0
M7: 1 | N7: =IF('Información del proyecto'!C9="","",'Información del proyecto'!C9) -> 1.0 INICIACIÓN Y PLANIFICACIÓN DEL PROYECTO | O7: =IF('Información del proyecto'!D9="","",'Información del proyecto'!D9) -> 2 | Q7: Retrasado | R7: =IF(COUNTA('Información del proyecto'!$K$9:$K$61)=0,NA(),COUNTIF('Información del proyecto'!$K$9:$K$61,Reportes!Q7)/COUNTA('Información del proyecto'!$K$9:$K$61)) -> 0
M8: 2 | N8: =IF('Información del proyecto'!C10="","",'Información del proyecto'!C10) -> 1.1 Product Backlog inicial | O8: =IF('Información del proyecto'!D10="","",'Información del proyecto'!D10) -> 1 | Q8: En progreso | R8: =IF(COUNTA('Información del proyecto'!$K$9:$K$61)=0,NA(),COUNTIF('Información del proyecto'!$K$9:$K$61,Reportes!Q8)/COUNTA('Información del proyecto'!$K$9:$K$61)) -> 0
M9: 3 | N9: =IF('Información del proyecto'!C11="","",'Información del proyecto'!C11) -> 1.2 Definición de roles Scrum | O9: =IF('Información del proyecto'!D11="","",'Información del proyecto'!D11) -> 1 | Q9: No comenzado | R9: =IF(COUNTA('Información del proyecto'!$K$9:$K$61)=0,NA(),COUNTIF('Información del proyecto'!$K$9:$K$61,Reportes!Q9)/COUNTA('Información del proyecto'!$K$9:$K$61)) -> 1
M10: 4 | N10: =IF('Información del proyecto'!C13="","",'Información del proyecto'!C13) -> 2.0 ANÁLISIS DE NEGOCIO Y REQUIREMENTS | O10: =IF('Información del proyecto'!D12="","",'Información del proyecto'!D12) -> 1
M11: 5 | N11: =IF('Información del proyecto'!C14="","",'Información del proyecto'!C14) -> 2.1 Refinamiento de User Stories | O11: =IF('Información del proyecto'!D13="","",'Información del proyecto'!D13) -> 2
M12: 6 | N12: =IF('Información del proyecto'!C15="","",'Información del proyecto'!C15) -> 2.2 Definición de criterios de aceptación | O12: =IF('Información del proyecto'!D14="","",'Información del proyecto'!D14) -> 1
M13: 7 | N13: =IF('Información del proyecto'!C18="","",'Información del proyecto'!C18) -> 3.0 ARQUITECTURA Y DISEÑO DEL SISTEMA | O13: =IF('Información del proyecto'!D15="","",'Información del proyecto'!D15) -> 1
M14: 8 | N14: =IF('Información del proyecto'!C19="","",'Información del proyecto'!C19) -> 3.1 Diseño de base de datos | O14: =IF('Información del proyecto'!D18="","",'Información del proyecto'!D18) -> 2
M15: 9 | N15: =IF('Información del proyecto'!C20="","",'Información del proyecto'!C20) -> 3.2 Arquitectura de monolito modular | O15: =IF('Información del proyecto'!D19="","",'Información del proyecto'!D19) -> 1
M16: 10 | N16: =IF('Información del proyecto'!C21="","",'Información del proyecto'!C21) -> 3.3 Definición de APIs | O16: =IF('Información del proyecto'!D20="","",'Información del proyecto'!D20) -> 1
M17: 11 | N17: =IF('Información del proyecto'!C22="","",'Información del proyecto'!C22) -> 3.4 Diagrama C4 | O17: =IF('Información del proyecto'!D21="","",'Información del proyecto'!D21) -> 1
M18: 12 | N18: =IF('Información del proyecto'!C23="","",'Información del proyecto'!C23) -> 4.0 DESARROLLO - CORE BACKEND | O18: =IF('Información del proyecto'!D22="","",'Información del proyecto'!D22) -> 1
M19: 13 | N19: =IF('Información del proyecto'!C24="","",'Información del proyecto'!C24) -> 4.1 Desarrollo de Modelo de Datos | O19: =IF('Información del proyecto'!D23="","",'Información del proyecto'!D23) -> 4
M20: 14 | N20: =IF('Información del proyecto'!C25="","",'Información del proyecto'!C25) -> 4.2 Módulo de Autenticación | O20: =IF('Información del proyecto'!D24="","",'Información del proyecto'!D24) -> 1
M21: 15 | N21: =IF('Información del proyecto'!C26="","",'Información del proyecto'!C26) -> 4.3 Módulo de generacion de link | O21: =IF('Información del proyecto'!D25="","",'Información del proyecto'!D25) -> 1
M22: 16 | N22: =IF('Información del proyecto'!C27="","",'Información del proyecto'!C27) -> 4.4 Modulo de captura de datos del postulante | O22: =IF('Información del proyecto'!D26="","",'Información del proyecto'!D26) -> 1
M23: 17 | N23: =IF('Información del proyecto'!C28="","",'Información del proyecto'!C28) -> 4.4.1 Verificacion de datos según condiciones | O23: =IF('Información del proyecto'!D27="","",'Información del proyecto'!D27) -> 1
F24: Días de retraso vs días ganados | M24: 18 | N24: =IF('Información del proyecto'!C29="","",'Información del proyecto'!C29) -> 4.5 Exportado de datos para Smart Boleta | O24: =IF('Información del proyecto'!D28="","",'Información del proyecto'!D28) -> 1
F25: Total días de retraso | G25: =SUM('Información del proyecto'!DF9:DF61) -> 0 | M25: 19 | N25: =IF('Información del proyecto'!C30="","",'Información del proyecto'!C30) -> 4.6 Validaciones Adicionales | O25: =IF('Información del proyecto'!D29="","",'Información del proyecto'!D29) -> 1
F26: Total días ganados | G26: =SUM('Información del proyecto'!DE9:DE61) -> 0 | M26: 20 | N26: =IF('Información del proyecto'!C31="","",'Información del proyecto'!C31) -> 4.7 Gestión de Remuneración y Bonos | O26: =IF('Información del proyecto'!D30="","",'Información del proyecto'!D30) -> 1
M27: 21 | N27: =IF('Información del proyecto'!C32="","",'Información del proyecto'!C32) -> 5.0 DESARROLLO - FUNCIONALIDADES AVANZADAS | O27: =IF('Información del proyecto'!D31="","",'Información del proyecto'!D31) -> 1
M28: 22 | N28: =IF('Información del proyecto'!C33="","",'Información del proyecto'!C33) -> 5.1 Reportes | O28: =IF('Información del proyecto'!D32="","",'Información del proyecto'!D32) -> 3
M29: 23 | N29: =IF('Información del proyecto'!C34="","",'Información del proyecto'!C34) -> 5.2 Black List | O29: =IF('Información del proyecto'!D33="","",'Información del proyecto'!D33) -> 2
M30: 24 | N30: =IF('Información del proyecto'!C35="","",'Información del proyecto'!C35) -> 5.2 Planificacion para integrar con app de Formacion y etapa 2 (smart boleta) | O30: =IF('Información del proyecto'!D34="","",'Información del proyecto'!D34) -> 1
M31: 25 | N31: =IF('Información del proyecto'!C36="","",'Información del proyecto'!C36) -> 6.0 TESTING | O31: =IF('Información del proyecto'!D35="","",'Información del proyecto'!D35) -> 1
M32: 26 | N32: =IF('Información del proyecto'!C37="","",'Información del proyecto'!C37) -> 6.1 Testing de APIs | O32: =IF('Información del proyecto'!D36="","",'Información del proyecto'!D36) -> 2
M33: 27 | N33: =IF('Información del proyecto'!C38="","",'Información del proyecto'!C38) -> 6.2 Testing Unitario | O33: =IF('Información del proyecto'!D37="","",'Información del proyecto'!D37) -> 1
M34: 28 | N34: =IF('Información del proyecto'!C39="","",'Información del proyecto'!C39) -> 6.3 Integration testing | O34: =IF('Información del proyecto'!D38="","",'Información del proyecto'!D38) -> 1
M35: 29 | N35: =IF('Información del proyecto'!C40="","",'Información del proyecto'!C40) -> 6.4 Performance testing | O35: =IF('Información del proyecto'!D39="","",'Información del proyecto'!D39) -> 1
M36: 30 | N36: =IF('Información del proyecto'!C41="","",'Información del proyecto'!C41) -> 7.0 DESARROLLO - FRONTEND | O36: =IF('Información del proyecto'!D40="","",'Información del proyecto'!D40) -> 1
M37: 31 | N37: =IF('Información del proyecto'!C42="","",'Información del proyecto'!C42) -> 7.1 Arquitectura Frontend | O37: =IF('Información del proyecto'!D41="","",'Información del proyecto'!D41) -> 3
M38: 32 | N38: =IF('Información del proyecto'!C43="","",'Información del proyecto'!C43) -> 7.1.1 Vista Login | O38: =IF('Información del proyecto'!D42="","",'Información del proyecto'!D42) -> 1
... M56: 50 | N56: =IF('Información del proyecto'!C61="","",'Información del proyecto'!C61) -> 10.2 Documentación Final | O56: =IF('Información del proyecto'!D60="","",'Información del proyecto'!D60) -> 1
